{"cameraMode":{"drawMode":0,"name":"Shaded","section":"Shading Mode"},"sceneLighting":false,"audioPlay":false,"sceneViewState":{"m_AlwaysRefresh":true,"showFog":true,"showSkybox":true,"showFlares":true,"showImageEffects":true,"showParticleSystems":true,"showVisualEffectGraphs":true,"m_FxEnabled":true},"in2DMode":false,"pivot":{"x":0.018650531768798829,"y":1.8158000707626343,"z":1.2867684364318848},"rotation":{"x":-0.09128449112176895,"y":0.7143301367759705,"z":-0.09482432156801224,"w":-0.6873764991760254},"size":6.867015361785889,"orthographic":false}