{"cameraMode":{"drawMode":0,"name":"Shaded","section":"Shading Mode"},"sceneLighting":true,"audioPlay":false,"sceneViewState":{"m_AlwaysRefresh":true,"showFog":true,"showSkybox":true,"showFlares":true,"showImageEffects":true,"showParticleSystems":true,"showVisualEffectGraphs":true,"m_FxEnabled":true},"in2DMode":false,"pivot":{"x":6.944486618041992,"y":-0.19674324989318849,"z":6.227670669555664},"rotation":{"x":0.2714933753013611,"y":0.35620036721229555,"z":-0.10933743417263031,"w":0.8875004053115845},"size":18.981698989868165,"orthographic":false}