{"cameraMode":{"drawMode":0,"name":"Shaded","section":"Shading Mode"},"sceneLighting":false,"audioPlay":false,"sceneViewState":{"m_AlwaysRefresh":true,"showFog":true,"showSkybox":true,"showFlares":true,"showImageEffects":true,"showParticleSystems":true,"showVisualEffectGraphs":true,"m_FxEnabled":true},"in2DMode":false,"pivot":{"x":4.745700836181641,"y":1.7142910957336426,"z":2.175206184387207},"rotation":{"x":0.042404938489198688,"y":0.9576072692871094,"z":-0.20261193811893464,"w":0.20056766271591187},"size":8.764800071716309,"orthographic":false}