{"cameraMode":{"drawMode":0,"name":"Shaded","section":"Shading Mode"},"sceneLighting":true,"audioPlay":false,"sceneViewState":{"m_AlwaysRefresh":true,"showFog":true,"showSkybox":true,"showFlares":true,"showImageEffects":true,"showParticleSystems":true,"showVisualEffectGraphs":true,"m_FxEnabled":true},"in2DMode":false,"pivot":{"x":3.8047122955322267,"y":17.664817810058595,"z":13.341383934020996},"rotation":{"x":0.2053498923778534,"y":0.20311923325061799,"z":-0.043719757348299029,"w":0.9565006494522095},"size":65.31464385986328,"orthographic":false}