{"cameraMode":{"drawMode":0,"name":"Shaded","section":"Shading Mode"},"sceneLighting":false,"audioPlay":false,"sceneViewState":{"m_AlwaysRefresh":true,"showFog":true,"showSkybox":true,"showFlares":true,"showImageEffects":true,"showParticleSystems":true,"showVisualEffectGraphs":true,"m_FxEnabled":true},"in2DMode":false,"pivot":{"x":16.96107292175293,"y":26.503189086914064,"z":6.172728538513184},"rotation":{"x":-0.3516305387020111,"y":-0.057137612253427508,"z":0.021597620099782945,"w":-0.9342004060745239},"size":63.924591064453128,"orthographic":false}